LinkId,Speed_kmh_count,Speed_kmh_mean,Speed_kmh_std,Speed_kmh_min,Speed_kmh_25,Speed_kmh_50,Speed_kmh_75,Speed_kmh_max,Median,SrcLatitude,SrcLongitude,DestLatitude,DestLongitude,LatitudeMean,LongitudeMean
LAy_65-67,78113.0,9.826104637415026,10.848613165754628,0.376,2.3830986000000003,6.0428571,12.5333333,56.4,6.0428571,45.505217,-73.570633,45.506133,-73.572633,45.505675,-73.57163299999999
LAy_66-65,102680.0,13.641882004052398,11.946839962037258,0.37599540000000004,4.2545455,10.173913,20.0571429,59.236363600000004,10.173913,45.504283,-73.568733,45.505217,-73.570633,45.50475,-73.569683
LBH_80-66,37174.0,10.336483278127185,10.301811236204315,0.462,2.0533333,6.8727273,15.12,59.4,6.8727273,45.503033,-73.566383,45.504283,-73.568733,45.503658,-73.56755799999999
LBe_85-86,116020.0,21.484540916075677,16.05521798013229,0.682,8.129801299999999,19.18125,32.3052632,72.2117647,19.18125,45.515316999999996,-73.561083,45.517033000000005,-73.564717,45.516175000000004,-73.5629
LBe_86-85,50987.0,12.04039123723302,11.857250174731014,0.682,2.3162264,8.5846154,18.0529412,72.2117647,8.5846154,45.517033000000005,-73.564717,45.515316999999996,-73.561083,45.516175000000004,-73.5629
LBl_24-26,14351.0,12.36702285594732,13.678460619634633,1.238,2.5761849999999997,6.7939024,17.2744186,74.28,6.7939024,45.508362,-73.571278,45.50525,-73.564693,45.506806,-73.5679855
LBl_24-68,7245.0,6.542564406045548,10.728801572315176,0.34,0.6725275,1.5732648,7.2,55.6363636,1.5732648,45.508362,-73.571278,45.507483,-73.5695,45.5079225,-73.570389
LBl_68-69,109808.0,9.861971579178203,7.851642774648581,0.478,5.4455696,8.3533981,11.174026,57.36,8.3533981,45.507483,-73.5695,45.5063,-73.56693299999999,45.5068915,-73.5682165
LBl_69-26,117124.0,12.788996121838393,10.241678330163177,0.408,5.360583900000001,10.060274,17.4857143,58.153846200000004,10.060274,45.5063,-73.56693299999999,45.50525,-73.564693,45.505775,-73.56581299999999
LCC_34-35,120718.0,33.49491690748439,15.992192788807767,0.896,23.7176471,35.0608696,44.8,73.30909090000002,35.0608696,45.53261,-73.59025,45.534917,-73.594972,45.5337635,-73.592611
LCC_35-34,173875.0,36.208594776855215,18.4805925589142,0.896,22.4,35.84,52.0258065,73.30909090000002,35.84,45.534917,-73.594972,45.53261,-73.59025,45.5337635,-73.592611
LCC_35-36,139898.0,24.872232720564266,10.040612280667371,3.14,20.4782609,25.5746606,30.0638298,74.36842109999999,25.5746606,45.534917,-73.594972,45.5425,-73.611972,45.5387085,-73.603472
LCC_36-35,199870.0,29.101936011632557,10.8489036225083,3.14,24.257510699999997,30.551351399999998,35.5471698,74.36842109999999,30.551351399999998,45.5425,-73.611972,45.534917,-73.594972,45.5387085,-73.603472
LCP_10-17,21474.0,22.217220623246718,8.667607269781668,6.274,15.1180723,23.7751579,28.303759399999997,73.8117647,23.7751579,45.576028,-73.636462,45.556428000000004,-73.626345,45.566228,-73.6314035
LCh_10-16,39193.0,20.829980832263416,9.923964791760161,2.974,13.217777800000002,22.5873418,27.4523077,74.35,22.5873418,45.576028,-73.636462,45.564785,-73.64494300000001,45.570406500000004,-73.6407025
LHB_15-20,192598.0,26.40084535468749,10.72734139607587,3.824,20.1853372,26.9929412,32.933971299999996,74.8173913,26.9929412,45.570268,-73.658807,45.555365,-73.66839300000001,45.5628165,-73.6636
LHB_20-15,176269.0,24.252628770586433,10.836743686812582,3.76,15.8873239,26.131274100000002,31.774647899999998,74.3736264,26.131274100000002,45.555365,-73.66839300000001,45.570268,-73.658807,45.5628165,-73.6636
LHB_20-21,38185.0,31.501708067764827,13.314522794554556,5.036,24.1728,32.7249097,40.467857099999996,72.5184,32.7249097,45.555365,-73.66839300000001,45.534987,-73.680712,45.545176,-73.6745525
LHB_21-20,26345.0,27.377631848753083,11.606021711646443,5.038,19.974449300000003,28.2504673,35.1488372,74.94545450000001,28.2504673,45.534987,-73.680712,45.555365,-73.66839300000001,45.545176,-73.6745525
LJM_70-72,32224.0,11.299803685970085,9.832954545877891,0.3902168,3.7741935,9.0,15.688636374999998,58.5,9.0,45.508383,-73.568717,45.509333000000005,-73.570817,45.508858000000004,-73.56976700000001
LJM_71-70,9410.0,10.194707116726887,10.252294291087816,0.482,2.5294461,7.290756299999999,13.7714286,57.84,7.290756299999999,45.50715,-73.56616700000001,45.508383,-73.568717,45.5077665,-73.567442
LJT_12-43,72905.0,23.24577119683012,11.623097450127057,2.184,15.6,24.8810127,31.2,74.17358490000001,24.8810127,45.558837,-73.59818800000001,45.55025,-73.604917,45.554543499999994,-73.6015525
LJT_18-36,208094.0,21.829177352265802,11.788187571834206,1.444,15.2,21.66,28.5626374,74.2628571,21.66,45.547942,-73.6069,45.5425,-73.611972,45.545221,-73.60943599999999
LJT_18-43,187614.0,19.993643917294015,14.438068224059583,0.61,10.457142900000001,16.6363636,28.8947368,73.2,16.6363636,45.547942,-73.6069,45.55025,-73.604917,45.549096,-73.6059085
LJT_25-33,102327.0,14.21961848776569,7.072923494293663,2.178,8.971167,14.52,18.757894699999998,72.6,14.52,45.530221999999995,-73.622333,45.538277,-73.61444300000001,45.5342495,-73.61838800000001
LJT_33-25,91137.0,15.824630449730629,8.051185391654284,2.176,9.108837199999998,16.7384615,21.403278699999998,65.28,16.7384615,45.538277,-73.61444300000001,45.530221999999995,-73.622333,45.5342495,-73.61838800000001
LJT_33-36,197555.0,19.14685720867708,13.667758653752317,1.016,9.574869099999999,17.2528302,25.7577465,73.152,17.2528302,45.538277,-73.61444300000001,45.5425,-73.611972,45.5403885,-73.6132075
LJT_36-18,167300.0,19.87775998016916,11.533626102400756,1.444,12.8039409,19.3970149,26.795876300000003,74.2628571,19.3970149,45.5425,-73.611972,45.547942,-73.6069,45.545221,-73.60943599999999
LJT_36-33,258484.0,15.33391631552359,8.958567437204987,1.006,10.9084337,15.09,19.6826087,72.432,15.09,45.5425,-73.611972,45.538277,-73.61444300000001,45.5403885,-73.6132075
LJT_43-12,107016.0,24.439452136487066,10.616470021986128,2.186,19.100970899999997,25.2230769,30.9826772,72.8666667,25.2230769,45.55025,-73.604917,45.558837,-73.59818800000001,45.554543499999994,-73.6015525
LJT_43-18,203029.0,20.25215270951243,13.83376298566991,0.6,11.4893617,20.0,26.341463399999995,72.0,20.0,45.55025,-73.604917,45.547942,-73.6069,45.549096,-73.6059085
LLo_40-41,261390.0,20.864805458193885,10.73737905276219,2.686,12.590625,20.145,27.0100559,74.3815385,20.145,45.53075,-73.563055,45.537471999999994,-73.577388,45.534110999999996,-73.5702215
LLo_41-42,258833.0,26.40390518841299,10.684487076209246,2.23,20.90625,26.5827815,33.1735537,74.33333329999999,26.5827815,45.537471999999994,-73.577388,45.543054999999995,-73.589277,45.540263499999995,-73.5833325
LLo_42-41,98722.0,25.116669619163915,12.707947797129188,2.23,17.227467800000003,26.5827815,33.45,74.33333329999999,26.5827815,45.543054999999995,-73.589277,45.537471999999994,-73.577388,45.540263499999995,-73.5833325
LLo_42-43,188682.0,31.74503976432728,12.346168849083984,2.912,25.444660199999998,31.386826300000003,38.5411765,74.88,31.386826300000003,45.543054999999995,-73.589277,45.55025,-73.604917,45.54665249999999,-73.59709699999999
LLo_43-42,61259.0,23.636446124527012,11.661565558244739,2.918,18.174394500000002,23.8745455,29.674576300000002,73.97746479999999,23.8745455,45.55025,-73.604917,45.543054999999995,-73.589277,45.54665249999999,-73.59709699999999
LMa_85-87,132718.0,16.837503308044873,14.420174354921379,0.238,5.95,12.24,26.775,72.2117647,12.24,45.515316999999996,-73.561083,45.514417,-73.5619,45.514866999999995,-73.56149149999999
LMa_87-88,142492.0,13.139452126004267,9.153958040513126,0.25428249999999997,6.8238806,10.632558099999999,18.288,57.15,10.632558099999999,45.514417,-73.5619,45.51345,-73.56275,45.5139335,-73.56232499999999
LMa_88-73,80267.0,23.887880998303167,13.803275709145282,0.75,15.1685393,22.1311475,32.9268293,58.6956522,22.1311475,45.51345,-73.56275,45.5106,-73.56531700000001,45.512024999999994,-73.5640335
LND_49-54,106999.0,29.362896975916602,16.813895545117884,2.402,17.6473469,30.025,40.4074766,74.54482759999999,30.025,45.589193,-73.520443,45.58461,-73.50869499999999,45.586901499999996,-73.514569
LND_52-53,48970.0,32.945189121018984,18.052267157464208,1.748,19.185365899999997,32.775,46.270588200000006,74.91428570000001,32.775,45.580888,-73.511943,45.584333,-73.52205500000001,45.5826105,-73.516999
LND_52-54,143096.0,39.43324476300316,16.33441893891095,1.936,30.0413793,41.4857143,51.2470588,72.6,41.4857143,45.580888,-73.511943,45.58461,-73.50869499999999,45.582749,-73.510319
LND_52-55,106255.0,35.54785541506188,15.801881746122907,2.516,24.883516500000002,37.1213115,47.175,73.0451613,37.1213115,45.580888,-73.511943,45.58586,-73.508083,45.583374,-73.510013
LND_53-54,18702.0,18.058057771853274,15.665823746665648,2.836,4.8849761,11.497297300000001,28.36,73.9826087,11.497297300000001,45.584333,-73.52205500000001,45.58461,-73.50869499999999,45.5844715,-73.515375
LND_54-49,64153.0,26.895800309126614,17.587982616437973,2.416,11.947252699999998,24.5694915,40.6429907,74.9793103,24.5694915,45.58461,-73.50869499999999,45.589193,-73.520443,45.586901499999996,-73.514569
LND_54-52,153302.0,32.0944054906968,15.722404192454476,1.936,20.2604651,30.0413793,43.56,72.6,30.0413793,45.58461,-73.50869499999999,45.580888,-73.511943,45.582749,-73.510319
LND_54-55,169620.0,22.81516587221495,16.68169376668104,0.588,8.9694915,19.6,35.28,66.15,19.6,45.58461,-73.50869499999999,45.58586,-73.508083,45.585235,-73.508389
LND_54-57,117811.0,11.357542142541018,12.858084225584932,0.592,4.067175600000001,6.8307692,12.3906977,66.6,6.8307692,45.58461,-73.50869499999999,45.582917,-73.508558,45.5837635,-73.50862649999999
LND_55-52,117527.0,30.171674190195446,13.632021129342906,2.516,20.966666699999998,28.305,39.041379299999996,73.0451613,28.305,45.58586,-73.508083,45.580888,-73.511943,45.583374,-73.510013
LND_55-54,129644.0,22.07343565165607,15.124600696746864,0.588,10.1769231,18.9,33.075,66.15,18.9,45.58586,-73.508083,45.58461,-73.50869499999999,45.585235,-73.508389
LND_57-54,19899.0,14.441170587245592,20.597190438731957,0.764,1.3109639999999998,2.6344828,20.836363600000002,68.76,2.6344828,45.582917,-73.508558,45.58461,-73.50869499999999,45.5837635,-73.50862649999999
LOn_74-75,16308.0,7.499511233265882,10.91568898119847,0.32,0.6682135,2.0353357,9.6,57.6,2.0353357,45.509917,-73.56745,45.511283,-73.566783,45.5106,-73.5671165
LOn_75-74,33420.0,12.399928514198084,12.232156592190758,0.32,2.2239382,9.1428571,18.0,57.6,9.1428571,45.511283,-73.566783,45.509917,-73.56745,45.5106,-73.5671165
LOn_75-91,27292.0,17.057816094694417,11.999258344462994,0.796,4.824242400000001,17.2626506,25.1368421,59.7,17.2626506,45.511283,-73.566783,45.514767,-73.565617,45.513025,-73.56620000000001
LOn_86-89,109099.0,14.362913038392652,12.8078850741322,0.26,4.4150943,10.8837209,21.272727300000003,72.27692309999999,10.8837209,45.517033000000005,-73.564717,45.515917,-73.56523299999999,45.516475,-73.564975
LOn_86-90,167671.0,13.629966547301562,13.791220146645223,0.202,1.9443849999999998,8.8682927,21.3882353,60.6,8.8682927,45.517033000000005,-73.564717,45.517883000000005,-73.564267,45.517458000000005,-73.564492
LOn_89-86,91870.0,13.315406734122131,13.550290786302249,0.26,1.2546917,9.0,21.272727300000003,58.5,9.0,45.515917,-73.56523299999999,45.517033000000005,-73.564717,45.516475,-73.564975
LOn_89-91,74184.0,13.447815041725978,11.268697289115329,0.26,4.1052632000000004,10.4,20.347826100000002,58.5,10.4,45.515917,-73.56523299999999,45.514767,-73.565617,45.515342000000004,-73.565425
LOn_90-86,147837.0,12.377947885590888,12.485806506915216,0.202,1.7823528999999998,8.8682927,17.3142857,60.6,8.8682927,45.517883000000005,-73.564267,45.517033000000005,-73.564717,45.517458000000005,-73.564492
LOn_91-75,44831.0,20.392608178079897,12.794208342024454,0.7964425,11.19375,19.6273973,29.2408163,59.7,19.6273973,45.514767,-73.565617,45.511283,-73.566783,45.513025,-73.56620000000001
LOn_91-89,51832.0,13.676414663310311,13.704121131174594,0.262,2.4184615000000003,9.2470588,21.436363600000004,58.95,9.2470588,45.514767,-73.565617,45.515917,-73.56523299999999,45.515342000000004,-73.565425
LPI_45-10,17877.0,11.932283108989203,10.547424885247429,2.4,4.1182078,8.888888900000001,15.3191489,74.48275859999998,8.888888900000001,45.582805,-73.628222,45.576028,-73.636462,45.5794165,-73.632342
LPK_68-70,20345.0,6.784678971845662,7.4273853375770065,0.232,1.5075812,4.2181818,9.8813793,71.64,4.2181818,45.507483,-73.5695,45.508383,-73.568717,45.507933,-73.5691085
LPK_70-68,54352.0,10.578999941819989,8.577999211444537,0.234,5.1365854,8.1,14.04,52.65,8.1,45.508383,-73.568717,45.507483,-73.5695,45.507933,-73.5691085
LPK_70-74,4927.0,6.7543766276233,9.749658794263494,0.39622009999999996,1.0074916999999999,3.24,6.8538461999999996,59.4,3.24,45.508383,-73.568717,45.509917,-73.56745,45.509150000000005,-73.5680835
LPK_74-70,50316.0,16.735536254956674,11.807262091944127,0.32,7.7837838,14.4,24.0,57.6,14.4,45.509917,-73.56745,45.508383,-73.568717,45.509150000000005,-73.5680835
LPa_15-16,256155.0,20.4041646158853,8.864451670347602,2.47,15.384082999999999,20.3013699,24.8379888,74.1,20.3013699,45.570268,-73.658807,45.564785,-73.64494300000001,45.5675265,-73.651875
LPa_15-17,179988.0,25.600820189976005,8.331594823165124,5.874,20.854437899999997,25.3553957,30.295702000000002,74.987234,25.3553957,45.570268,-73.658807,45.556428000000004,-73.626345,45.563348000000005,-73.64257599999999
LPa_16-15,267072.0,22.473104889098067,10.134915904478762,2.472,16.3588235,22.248,28.8935065,74.16,22.248,45.564785,-73.64494300000001,45.570268,-73.658807,45.5675265,-73.651875
LPa_16-17,349906.0,32.46938206179746,11.464982961945617,3.414,25.082449,31.1939086,40.1647059,74.9414634,31.1939086,45.564785,-73.64494300000001,45.556428000000004,-73.626345,45.560606500000006,-73.63564400000001
LPa_17-15,73091.0,26.16692834046189,8.97933990736911,5.874,21.3169355,27.0414322,31.846988,74.987234,27.0414322,45.556428000000004,-73.626345,45.570268,-73.658807,45.563348000000005,-73.64257599999999
LPa_17-16,374306.0,30.61573645192998,10.448998765659574,3.376,26.3064935,31.486010399999998,36.607228899999996,74.1073171,31.486010399999998,45.556428000000004,-73.626345,45.564785,-73.64494300000001,45.560606500000006,-73.63564400000001
LPa_17-18,152549.0,26.91398515860084,10.31839583875304,3.624,21.5287129,26.844444399999997,32.293069300000006,74.9793103,26.844444399999997,45.556428000000004,-73.626345,45.547942,-73.6069,45.552185,-73.6166225
LPa_18-17,122155.0,25.415056286376323,9.725634244977925,3.628,21.1339806,25.9142857,31.3961538,74.2090909,25.9142857,45.547942,-73.6069,45.556428000000004,-73.626345,45.552185,-73.6166225
LPi_01-47,150679.0,28.75295113183456,9.892540031174647,5.14,23.363636399999997,29.278481,34.7819549,73.42857140000001,29.278481,45.553847,-73.55452,45.564221999999994,-73.584722,45.559034499999996,-73.569621
LPi_01-48,95727.0,27.39057670696251,13.805917259161088,3.276,17.7081081,28.625242699999998,36.4,74.643038,28.625242699999998,45.553847,-73.55452,45.548472,-73.5355,45.5511595,-73.54500999999999
LPi_44-45,177549.0,20.490109690196505,8.008613686125836,3.654,16.1601966,21.0134185,25.592217899999998,73.90112359999999,21.0134185,45.595805,-73.6425,45.582805,-73.628222,45.589304999999996,-73.63536099999999
LPi_44-46,93018.0,24.389373965086328,7.87390550741193,7.866,19.448901100000004,24.7964974,29.870886100000003,73.36165799999999,24.7964974,45.595805,-73.6425,45.572693,-73.605333,45.584249,-73.6239165
LPi_45-44,204469.0,18.827560826844653,8.637012554295243,3.63,11.6056838,19.5044776,24.6566038,74.25,19.5044776,45.582805,-73.628222,45.595805,-73.6425,45.589304999999996,-73.63536099999999
LPi_45-46,245854.0,30.459053274538146,11.320403637919249,4.214,23.6299065,31.0868852,38.5035533,73.6427184,31.0868852,45.582805,-73.628222,45.572693,-73.605333,45.577749,-73.6167775
LPi_46-45,286131.0,33.58041330857754,14.227163472421585,4.214,23.778056399999997,32.8363636,46.2512195,74.3647059,32.8363636,45.572693,-73.605333,45.582805,-73.628222,45.577749,-73.6167775
LPi_46-47,150573.0,31.550282434803048,13.037268709622968,3.72,23.5774648,31.289719599999998,42.9230769,72.78260870000001,31.289719599999998,45.572693,-73.605333,45.564221999999994,-73.584722,45.568457499999994,-73.5950275
LPi_47-01,161592.0,26.313027010015347,10.53320927992056,5.148,18.949693300000003,26.250424900000002,33.4527076,72.39375,26.250424900000002,45.564221999999994,-73.584722,45.553847,-73.55452,45.559034499999996,-73.569621
LPi_47-46,152435.0,27.009796556808478,10.506620768144973,3.73,22.0855263,27.629629600000005,34.081218299999996,72.19354840000001,27.629629600000005,45.564221999999994,-73.584722,45.572693,-73.605333,45.568457499999994,-73.5950275
LPi_48-01,76272.0,27.473985190144482,13.613507172886102,3.28,17.313782999999997,28.5217391,36.6708075,74.7341772,28.5217391,45.548472,-73.5355,45.553847,-73.55452,45.5511595,-73.54500999999999
LPr_24-27,14272.0,22.161136788109584,13.692023809483455,4.312,9.989189199999998,21.323076899999997,30.5574803,74.6307692,21.323076899999997,45.508362,-73.571278,45.519028000000006,-73.594388,45.513695,-73.582833
LPr_25-28,121394.0,16.96487697445261,8.515773963123026,2.158,10.941971800000001,17.9004608,22.3241379,59.76,17.9004608,45.530221999999995,-73.622333,45.52575,-73.610167,45.527986,-73.61625000000001
LPr_27-24,17281.0,13.872923881818181,7.087284800673677,4.312,8.3637931,13.245051199999999,17.8427586,73.92,13.245051199999999,45.519028000000006,-73.594388,45.508362,-73.571278,45.513695,-73.582833
LPr_27-28,342172.0,26.62652079525648,13.520596940242346,2.87,17.691780800000004,26.90625,34.6711409,74.8695652,26.90625,45.519028000000006,-73.594388,45.52575,-73.610167,45.522389000000004,-73.6022775
LPr_28-25,154158.0,18.993249453692314,9.873622822578838,2.156,12.682352900000001,18.9307317,24.5620253,74.6307692,18.9307317,45.52575,-73.610167,45.530221999999995,-73.622333,45.527986,-73.61625000000001
LPr_28-27,283384.0,24.85359807253197,13.947868913399445,2.878,14.350138500000002,23.440724,33.8588235,74.0057143,23.440724,45.52575,-73.610167,45.519028000000006,-73.594388,45.522389000000004,-73.6022775
LRL_26-29,235500.0,16.63025405518981,10.60793727647946,1.944,8.431807199999998,15.905454500000001,21.467484699999996,74.45106379999999,15.905454500000001,45.50525,-73.564693,45.512722,-73.558222,45.50898599999999,-73.5614575
LRL_26-63,109075.0,12.672691651253723,11.851973699442592,0.85,3.1034482999999997,10.6993007,17.5862069,72.8571429,10.6993007,45.50525,-73.564693,45.501917,-73.56736,45.5035835,-73.56602649999999
LRL_26-80,55789.0,11.671536086572619,12.687070982837767,0.56,2.1677418999999998,7.8139535,15.272727300000001,72.0,7.8139535,45.50525,-73.564693,45.503033,-73.566383,45.5041415,-73.565538
LRL_26-83,227364.0,18.083009344220716,15.897748087323722,0.64,5.565217400000001,13.2413793,26.790697700000003,72.0,13.2413793,45.50525,-73.564693,45.507717,-73.56258299999999,45.5064835,-73.563638
LRL_29-26,160389.0,16.279347854705748,9.680226272745418,1.944,8.0441379,16.1253456,23.0210526,74.45106379999999,16.1253456,45.512722,-73.558222,45.50525,-73.564693,45.50898599999999,-73.5614575
LRL_29-37,180638.0,23.68605289954495,12.616890670084567,2.238,15.613953500000001,23.978571399999996,29.84,74.6,23.978571399999996,45.512722,-73.558222,45.521417,-73.549805,45.5170695,-73.5540135
LRL_29-81,155619.0,24.913197191007523,20.878474426685493,0.448,9.2689655,17.1574468,42.442105299999994,73.30909090000002,17.1574468,45.512722,-73.558222,45.5144,-73.55665,45.513560999999996,-73.557436
LRL_29-84,142024.0,16.779276548976934,15.918553290310093,0.256,4.5176471,11.2390244,25.6,65.8285714,11.2390244,45.512722,-73.558222,45.511733,-73.559067,45.512227499999995,-73.5586445
LRL_37-29,127651.0,21.32980921909268,10.52903112926119,2.328,15.694382000000001,21.939267,27.568421100000002,74.8285714,21.939267,45.521417,-73.549805,45.512722,-73.558222,45.5170695,-73.5540135
LRL_37-81,76866.0,24.316843920828454,12.111706446179161,1.89,17.905263199999997,24.4748201,30.648648600000005,73.95652170000001,24.4748201,45.521417,-73.549805,45.5144,-73.55665,45.517908500000004,-73.5532275
LRL_63-26,184912.0,17.46234219099788,14.603039081957577,0.85,4.6788991,15.773195900000001,23.1818182,72.8571429,15.773195900000001,45.501917,-73.56736,45.50525,-73.564693,45.5035835,-73.56602649999999
LRL_63-80,60725.0,11.793185088037877,13.863108866344865,0.298,2.4162162,6.8769231,14.4972973,67.05,6.8769231,45.501917,-73.56736,45.503033,-73.566383,45.502475000000004,-73.56687149999999
LRL_80-26,116275.0,18.00086182289056,16.46440731900819,0.56,4.6666667,12.759493699999998,28.0,72.0,12.759493699999998,45.503033,-73.566383,45.50525,-73.564693,45.5041415,-73.565538
LRL_80-63,40290.0,10.899328681526434,14.186439953739518,0.29,1.3773087,5.0679612,13.384615400000001,74.57142859999999,5.0679612,45.503033,-73.566383,45.501917,-73.56736,45.502475000000004,-73.56687149999999
LRL_81-29,164460.0,19.766063265747295,16.164392256608277,0.452,9.4604651,15.6461538,26.2451613,73.96363640000001,15.6461538,45.5144,-73.55665,45.512722,-73.558222,45.513560999999996,-73.557436
LRL_81-37,111504.0,26.760443699336346,14.161381061880045,1.89,19.1123596,25.578947399999997,31.5,73.95652170000001,25.578947399999997,45.5144,-73.55665,45.521417,-73.549805,45.517908500000004,-73.5532275
LRL_82-83,171482.0,14.158491091950173,15.703298519769223,0.296,2.4218182,8.0727273,19.7333333,66.6,8.0727273,45.50885,-73.56156700000001,45.507717,-73.56258299999999,45.508283500000005,-73.562075
LRL_82-84,100553.0,16.580070551603633,13.50359981175446,0.75,6.0538117,13.775510199999998,22.1311475,75.0,13.775510199999998,45.50885,-73.56156700000001,45.511733,-73.559067,45.5102915,-73.560317
LRL_83-26,123306.0,16.762501240181336,17.074622956728867,0.64,2.3510204,11.755102,25.0434783,72.0,11.755102,45.507717,-73.56258299999999,45.50525,-73.564693,45.5064835,-73.563638
LRL_83-82,239557.0,14.841443231483947,15.940295309527457,0.296,2.4,8.734426199999998,22.2,66.6,8.734426199999998,45.507717,-73.56258299999999,45.50885,-73.56156700000001,45.508283500000005,-73.562075
LRL_84-29,114582.0,19.61101749366654,19.39183108757908,0.256,1.6,11.8153846,35.4461538,65.8285714,11.8153846,45.511733,-73.559067,45.512722,-73.558222,45.512227499999995,-73.5586445
LRL_84-82,98552.0,19.802341986701435,15.065002087467706,0.752,8.9052632,16.92,27.6244898,71.24210529999999,16.92,45.511733,-73.559067,45.50885,-73.56156700000001,45.5102915,-73.560317
LRo_13-42,137419.0,19.06863745785081,8.18019874497509,2.652,14.9642633,19.89,23.749253699999997,73.44,19.89,45.553235,-73.58040799999999,45.543054999999995,-73.589277,45.548145,-73.5848425
LRo_32-35,200426.0,15.44982641059044,9.600319061705429,1.016,8.8776699,15.24,20.32,73.152,15.24,45.531055,-73.598472,45.534917,-73.594972,45.532986,-73.596722
LRo_35-32,198688.0,12.40560662411268,8.571404071592713,1.016,7.115953299999999,11.7987097,15.630769199999998,73.152,11.7987097,45.534917,-73.594972,45.531055,-73.598472,45.532986,-73.596722
LRo_42-13,114121.0,20.291833129415267,9.382596576645579,2.652,14.164985199999998,21.9981567,26.228571399999996,74.5875,21.9981567,45.543054999999995,-73.589277,45.553235,-73.58040799999999,45.548145,-73.5848425
LSC_66-69,88797.0,11.697201633503386,9.270227518650863,0.53,4.0423729,10.7191011,15.1428571,59.625,10.7191011,45.504283,-73.568733,45.5063,-73.56693299999999,45.5052915,-73.567833
LSC_69-71,40309.0,9.763999136408742,9.498281310431569,0.224,3.9145631,6.72,12.218181800000002,57.6,6.72,45.5063,-73.56693299999999,45.50715,-73.56616700000001,45.506725,-73.56655
LSC_71-77,45095.0,12.509022011225193,10.229614189562138,0.4,4.3636364,11.25,17.142857100000004,55.3846154,11.25,45.50715,-73.56616700000001,45.508683000000005,-73.564817,45.50791650000001,-73.565492
LSC_76-94,102335.0,14.492059333765571,9.452320029124163,0.76,7.4347826,13.8181818,18.739726,59.478260899999995,13.8181818,45.509867,-73.5638,45.512783,-73.56125,45.511325,-73.562525
LSC_77-76,127840.0,14.122682382407696,13.230047331502501,0.308,3.465,9.24,22.176,55.44,9.24,45.508683000000005,-73.564817,45.509867,-73.5638,45.509275,-73.56430850000001
LSC_92-93,122510.0,16.243271548202593,14.632773337767704,0.444,3.5362832,11.7529412,25.7806452,61.4769231,11.7529412,45.51375,-73.56043299999999,45.515433,-73.558883,45.5145915,-73.55965799999998
LSC_94-92,150673.0,16.30102927428139,12.597441200875474,0.25,5.921052599999999,14.0625,25.0,64.2857143,14.0625,45.512783,-73.56125,45.51375,-73.56043299999999,45.5132665,-73.5608415
LSD_30-29,171458.0,13.182753955704023,7.601431197033629,1.724,6.478496900000001,13.551091699999999,18.041860500000002,68.96,13.551091699999999,45.516999999999996,-73.56744499999999,45.512722,-73.558222,45.514860999999996,-73.5628335
LSD_30-31,88633.0,14.731080691735588,9.311872988539816,2.528,5.2952676,15.134368099999998,22.5267327,71.8484211,15.134368099999998,45.516999999999996,-73.56744499999999,45.52625,-73.587888,45.521625,-73.57766649999999
LSD_30-50,121099.0,15.85611207327476,13.076841642021147,0.952,3.2953845999999998,14.9008696,23.1567568,74.5043478,14.9008696,45.516999999999996,-73.56744499999999,45.519333,-73.572583,45.5181665,-73.57001399999999
LSD_30-89,177346.0,17.435190060806562,12.514871363707126,0.42,8.3076923,14.8235294,26.0689655,58.153846200000004,14.8235294,45.516999999999996,-73.56744499999999,45.515917,-73.56523299999999,45.5164585,-73.566339
LSD_31-30,190624.0,20.258462288073382,10.67646043268699,2.528,12.166844900000001,20.8733945,27.522580600000005,72.61276600000001,20.8733945,45.52625,-73.587888,45.516999999999996,-73.56744499999999,45.521625,-73.57766649999999
LSD_31-32,305940.0,27.520138487803493,13.474878948672819,1.964,21.4254545,28.2816,35.352,73.65,28.2816,45.52625,-73.587888,45.531055,-73.598472,45.5286525,-73.59318
LSD_31-50,271722.0,22.333421119093043,11.158042457080807,2.838,14.9806452,21.6457627,28.538547499999996,74.03478259999999,21.6457627,45.52625,-73.587888,45.519333,-73.572583,45.5227915,-73.5802355
LSD_32-31,380197.0,27.529669696764053,13.517903944031643,1.966,21.7104294,27.4325581,34.3572816,73.725,27.4325581,45.531055,-73.598472,45.52625,-73.587888,45.5286525,-73.59318
LSD_32-33,252089.0,28.570194015056586,13.690805675489756,2.96,20.105660399999998,29.7653631,37.787234000000005,74.0,29.7653631,45.531055,-73.598472,45.538277,-73.61444300000001,45.534666,-73.6064575
LSD_33-32,286920.0,29.576571430792548,14.072258215518092,2.96,22.016528899999997,29.9325843,37.0,74.0,29.9325843,45.538277,-73.61444300000001,45.531055,-73.598472,45.534666,-73.6064575
LSD_50-30,260365.0,20.43618518855491,11.943498903197547,0.952,13.6,19.472727300000003,27.2,74.5043478,19.472727300000003,45.519333,-73.572583,45.516999999999996,-73.56744499999999,45.5181665,-73.57001399999999
LSD_50-31,177092.0,19.61203898918133,9.316428699238129,2.838,12.835175900000001,20.8506122,25.670351800000002,74.03478259999999,20.8506122,45.519333,-73.572583,45.52625,-73.587888,45.5227915,-73.5802355
LSD_87-92,235271.0,14.52857402268788,12.149286201055377,0.274,5.5415730000000005,11.4697674,20.55,54.8,11.4697674,45.514417,-73.5619,45.51375,-73.56043299999999,45.5140835,-73.56116649999998
LSD_89-87,182220.0,15.880995495138844,10.033725472341635,0.616,9.4769231,14.983783800000001,21.323076899999997,58.3578947,14.983783800000001,45.515917,-73.56523299999999,45.514417,-73.5619,45.515167000000005,-73.5635665
LSD_92-29,180971.0,12.589633960857821,9.650042845664549,0.402,5.2434783,11.30625,16.827907,55.6615385,11.30625,45.51375,-73.56043299999999,45.512722,-73.558222,45.513236,-73.5593275
LSH_81-93,75574.0,10.389284321023103,10.014083097118085,0.416,1.8043373,8.2285714,15.2816327,57.6,8.2285714,45.5144,-73.55665,45.515433,-73.558883,45.5149165,-73.5577665
LSH_90-93,64919.0,16.647507218048645,12.265600846785064,1.002,4.554545500000001,16.856074800000002,24.706849300000002,58.18064520000001,16.856074800000002,45.517883000000005,-73.564267,45.515433,-73.558883,45.51665800000001,-73.561575
LSH_90-96,44593.0,11.955664539636269,9.064011803272066,0.428,4.8759494000000005,10.7,16.3914894,59.2615385,10.7,45.517883000000005,-73.564267,45.51896,-73.56655,45.5184215,-73.5654085
LSH_93-81,80254.0,12.376290143154236,11.5275960737937,0.416,2.4794702,9.724675300000001,18.72,57.6,9.724675300000001,45.515433,-73.558883,45.5144,-73.55665,45.5149165,-73.5577665
LSH_93-90,76140.0,16.84214085825059,12.784305819043167,1.002,4.284085500000001,16.3963636,25.05,58.18064520000001,16.3963636,45.515433,-73.558883,45.517883000000005,-73.564267,45.51665800000001,-73.561575
LSH_96-90,42169.0,15.470060828079868,13.459823417615608,0.4282379,2.3925466,12.84,24.8516129,59.2615385,12.84,45.51896,-73.56655,45.517883000000005,-73.564267,45.5184215,-73.5654085
LSJ_27-31,138660.0,15.10381367525314,9.199156755521587,1.898,6.0574468,15.964485999999999,21.3525,72.6893617,15.964485999999999,45.519028000000006,-73.594388,45.52625,-73.587888,45.522639,-73.591138
LSJ_31-27,155915.0,18.630043579484337,11.273144181882504,1.898,8.943455499999999,19.193258399999998,25.4955224,74.2695652,19.193258399999998,45.52625,-73.587888,45.519028000000006,-73.594388,45.522639,-73.591138
LSJ_31-39,196506.0,19.227724734328216,9.532348006769231,2.388,13.5596215,19.9925581,25.1368421,74.1103448,19.9925581,45.52625,-73.587888,45.53525,-73.579527,45.53075,-73.5837075
LSJ_39-31,175704.0,15.748621299638595,7.876876048851335,2.388,9.6810811,16.6604651,20.8660194,74.1103448,16.6604651,45.53525,-73.579527,45.52625,-73.587888,45.53075,-73.5837075
LSJ_39-41,287897.0,18.486385330852006,12.846538263637498,0.596,11.412766,16.011940300000003,23.84,71.52,16.011940300000003,45.53525,-73.579527,45.537471999999994,-73.577388,45.536361,-73.5784575
LSJ_41-39,339047.0,15.42878582262223,11.459451803369094,0.596,8.447244099999999,12.3310345,20.6307692,71.52,12.3310345,45.537471999999994,-73.577388,45.53525,-73.579527,45.536361,-73.5784575
LSL_73-75,249582.0,19.037394700210754,12.62371830654758,0.274,9.6705882,16.44,27.4,54.8,16.44,45.5106,-73.56531700000001,45.511283,-73.566783,45.5109415,-73.56605
LSL_75-78,232957.0,16.69110287889911,12.269397078122463,0.496,9.397894699999998,13.95,21.7756098,63.77142859999999,13.95,45.511283,-73.566783,45.512516999999995,-73.56943299999999,45.5119,-73.568108
LSL_76-73,220817.0,16.093018888389036,12.278537082007592,0.288,7.737313400000001,12.6439024,21.6,57.6,12.6439024,45.509867,-73.5638,45.5106,-73.56531700000001,45.5102335,-73.5645585
LSL_82-76,207183.0,12.731102363733992,9.904590935088825,0.416,5.6300752,10.1189189,17.4139535,57.6,10.1189189,45.50885,-73.56156700000001,45.509867,-73.5638,45.509358500000005,-73.5626835
LSM_10-11,145083.0,22.757269039516004,9.26990326695916,5.01,16.951127800000002,22.772727300000003,27.919504600000003,73.91803279999999,22.772727300000003,45.576028,-73.636462,45.563907,-73.609613,45.569967500000004,-73.6230375
LSM_11-10,138273.0,23.93291799634563,10.87444511263748,4.974,15.047395000000002,24.9392758,31.0875,71.6256,24.9392758,45.563907,-73.609613,45.576028,-73.636462,45.569967500000004,-73.6230375
LSM_11-12,75646.0,17.8366192539394,9.444173207595854,2.094,10.270299699999999,18.2970874,24.0076433,73.9058824,18.2970874,45.563907,-73.609613,45.558837,-73.59818800000001,45.561372,-73.60390050000001
LSM_12-11,63943.0,16.58903581656319,10.748530408472114,2.104,6.4738462,16.907142899999997,24.122293,74.2588235,16.907142899999997,45.558837,-73.59818800000001,45.563907,-73.609613,45.561372,-73.60390050000001
LSM_12-13,134658.0,26.333671150915652,12.798392151835488,3.036,18.7793814,26.657560999999998,33.3219512,74.860274,26.657560999999998,45.558837,-73.59818800000001,45.553235,-73.58040799999999,45.556036,-73.589298
LSM_13-12,81513.0,24.187906433302665,10.908712937480752,3.036,18.4,25.5364486,30.874576300000005,74.860274,25.5364486,45.553235,-73.58040799999999,45.558837,-73.59818800000001,45.556036,-73.589298
LSM_13-14,104524.0,24.411437171588343,11.168077355695992,3.506,17.6773109,24.9438735,31.0876847,74.2447059,24.9438735,45.553235,-73.58040799999999,45.547138000000004,-73.559648,45.5501865,-73.570028
LSM_14-13,95306.0,21.379484453953584,9.079062950518214,3.506,15.429828899999999,22.0657343,26.969230800000002,72.537931,22.0657343,45.547138000000004,-73.559648,45.553235,-73.58040799999999,45.5501865,-73.570028
LSU_74-77,56034.0,22.22421668805547,16.245800706743534,0.4942746,9.6652174,17.784,34.2,74.1,17.784,45.509917,-73.56745,45.508683000000005,-73.564817,45.5093,-73.5661335
LSU_77-83,165935.0,13.136915615273452,11.38470636411505,0.41,5.2340425999999995,10.109589,16.772727300000003,73.8,10.109589,45.508683000000005,-73.564817,45.507717,-73.56258299999999,45.5082,-73.5637
LSU_79-74,66372.0,15.907348479865,11.834020051537268,0.4802668,7.322033900000001,11.6756757,24.0,57.6,11.6756757,45.511083,-73.57005,45.509917,-73.56745,45.5105,-73.56875
LSa_88-91,30864.0,21.463524942019827,15.435970777085407,0.534,6.0835443,21.845454500000002,33.1448276,64.08,21.845454500000002,45.51345,-73.56275,45.514767,-73.565617,45.5141085,-73.5641835
LSa_88-94,30901.0,9.05043628046665,12.607873483641795,0.278,0.9754386,3.1670886,12.204877999999999,62.55,3.1670886,45.51345,-73.56275,45.512783,-73.56125,45.513116499999995,-73.562
LSa_91-95,17721.0,13.289168785678008,10.455068456235168,0.436,4.36,11.5411765,19.62,56.0571429,11.5411765,45.514767,-73.565617,45.515833,-73.56796700000001,45.515299999999996,-73.566792
LSa_94-84,36317.0,7.28754587964039,7.874622234636772,0.412,1.6816327000000002,4.9771812,9.888,74.16,4.9771812,45.512783,-73.56125,45.511733,-73.559067,45.512258,-73.5601585
LSh_01-02,231188.0,35.014711472619695,15.823848193021025,2.53,26.1724138,36.1428571,46.0,74.6557377,36.1428571,45.553847,-73.55452,45.565228000000005,-73.554428,45.559537500000005,-73.554474
LSh_01-03,157120.0,32.379586078959385,13.744032709990645,3.0106667000000003,27.096,34.590638299999995,41.0545455,74.5761468,34.590638299999995,45.553847,-73.55452,45.573403000000006,-73.54895,45.563625,-73.55173500000001
LSh_01-40,116701.0,22.602826656131484,7.701043722683956,5.504,18.449162,23.476777300000002,27.217582399999998,72.8470588,23.476777300000002,45.553847,-73.55452,45.53075,-73.563055,45.5422985,-73.5587875
LSh_02-01,264061.0,29.694203098243968,12.914514755419459,2.384,22.119587600000003,29.8,38.3142857,73.9862069,29.8,45.565228000000005,-73.554428,45.553847,-73.55452,45.559537500000005,-73.554474
LSh_02-03,210233.0,31.82528776451366,15.860246166094257,2.008,22.7320755,31.705263199999997,42.5223529,73.76326529999999,31.705263199999997,45.565228000000005,-73.554428,45.573403000000006,-73.54895,45.5693155,-73.55168900000001
LSh_02-04,138259.0,22.69407616312428,11.117437036034314,2.684,14.7592668,24.156,30.0697095,74.70927840000002,24.156,45.565228000000005,-73.554428,45.582728,-73.5425,45.573978000000004,-73.548464
LSh_03-01,184931.0,31.366187742359035,13.227093534552246,3.0146667000000003,24.815853699999998,31.3061538,39.3217391,74.6752294,31.3061538,45.573403000000006,-73.54895,45.553847,-73.55452,45.563625,-73.55173500000001
LSh_03-02,272110.0,33.84479838381096,16.293252009809617,2.008,23.6235294,29.8710744,47.557894700000006,73.76326529999999,29.8710744,45.573403000000006,-73.54895,45.565228000000005,-73.554428,45.5693155,-73.55168900000001
LSh_03-04,201279.0,23.07872492939601,12.20964432267281,2.324,16.6,22.1333333,31.4526316,74.7,22.1333333,45.573403000000006,-73.54895,45.582728,-73.5425,45.57806550000001,-73.545725
LSh_03-05,98550.0,20.24576611106748,10.632162710794109,2.7973333,11.5486239,20.8640884,26.8782918,74.780198,20.8640884,45.573403000000006,-73.54895,45.590778,-73.538455,45.58209050000001,-73.5437025
LSh_04-02,193426.0,28.95580786511637,14.0190534557352,2.684,20.5291785,29.3392713,38.1410526,74.70927840000002,29.3392713,45.582728,-73.5425,45.565228000000005,-73.554428,45.573978000000004,-73.548464
LSh_04-03,267082.0,30.750732337555505,15.20424303587172,2.252,21.6770053,28.5464789,44.0608696,73.7018182,28.5464789,45.582728,-73.5425,45.573403000000006,-73.54895,45.57806550000001,-73.545725
LSh_04-05,169084.0,20.759068206788346,11.49671617473155,1.946,13.021561300000002,20.1310345,28.248387100000006,74.52765959999999,20.1310345,45.582728,-73.5425,45.590778,-73.538455,45.586753,-73.54047750000001
LSh_04-06,208408.0,31.551515399933294,17.120598030748944,2.5333333,18.24,32.417061600000004,43.018867900000004,74.34782609999999,32.417061600000004,45.582728,-73.5425,45.5941,-73.536458,45.588414,-73.539479
LSh_05-03,145689.0,27.63559849100619,12.754965613556726,2.7973333,19.8757895,28.0773234,37.0235294,73.32815529999999,28.0773234,45.590778,-73.538455,45.573403000000006,-73.54895,45.58209050000001,-73.5437025
LSh_05-04,231732.0,25.241158320998828,12.182775349043817,1.908,17.7948187,25.44,34.0039604,74.6608696,25.44,45.590778,-73.538455,45.582728,-73.5425,45.586753,-73.54047750000001
LSh_05-06,225528.0,37.60779879642617,21.98066243298162,1.612,18.6,39.2108108,58.032,72.54,39.2108108,45.590778,-73.538455,45.5941,-73.536458,45.592439,-73.53745649999999
LSh_05-07,107439.0,30.358792526847797,15.673626336323434,2.458,19.153246799999998,32.2948905,41.739622600000004,74.98983050000001,32.2948905,45.590778,-73.538455,45.600978000000005,-73.532395,45.595878,-73.535425
LSh_06-03,113826.0,31.765663477021068,16.88643740362173,3.056,19.1,32.9389222,41.9908397,74.8408163,32.9389222,45.5941,-73.536458,45.573403000000006,-73.54895,45.583751500000005,-73.542704
LSh_06-04,178409.0,34.5979044847631,19.02154184304059,2.5333333,21.242236,34.029850700000004,49.5652174,74.34782609999999,34.029850700000004,45.5941,-73.536458,45.582728,-73.5425,45.588414,-73.539479
LSh_06-05,196673.0,35.91549232409686,20.49124385044034,1.6,16.5517241,40.0,53.3333333,72.0,40.0,45.5941,-73.536458,45.590778,-73.538455,45.592439,-73.53745649999999
LSh_06-07,244456.0,28.458644827842228,14.698066448026555,1.656,20.1405405,29.2235294,38.7116883,74.52,29.2235294,45.5941,-73.536458,45.600978000000005,-73.532395,45.597539,-73.5344265
LSh_06-08,119943.0,35.49879493760203,17.359584616669576,3.308,23.6912467,38.8330435,48.019354799999995,74.43,38.8330435,45.5941,-73.536458,45.6112,-73.526708,45.60265,-73.531583
LSh_07-05,140306.0,28.812228676224823,14.319934737991744,2.458,19.664,28.544516100000003,39.5035714,74.98983050000001,28.544516100000003,45.600978000000005,-73.532395,45.590778,-73.538455,45.595878,-73.535425
LSh_07-06,294652.0,29.61302016741988,14.259626998547692,1.656,19.7403974,30.109090899999998,40.2810811,74.52,30.109090899999998,45.600978000000005,-73.532395,45.5941,-73.536458,45.597539,-73.5344265
LSh_07-08,140419.0,33.4914792592719,16.106865659818336,2.438,23.3425532,35.390322600000005,46.1936842,74.379661,35.390322600000005,45.600978000000005,-73.532395,45.6112,-73.526708,45.606089,-73.5295515
LSh_08-06,140702.0,35.95251415280309,16.600129436935987,3.308,26.5032641,37.8457627,48.54130429999999,74.43,37.8457627,45.6112,-73.526708,45.5941,-73.536458,45.60265,-73.531583
LSh_08-07,169968.0,32.02042109877977,14.194355440117512,2.438,24.7932203,32.0321168,42.605825200000005,74.379661,32.0321168,45.6112,-73.526708,45.600978000000005,-73.532395,45.606089,-73.5295515
LSh_24-30,15699.0,21.233924874234027,17.77097480748366,2.0131183999999998,5.5460949,17.4956522,31.2206897,73.9102041,17.4956522,45.508362,-73.571278,45.516999999999996,-73.56744499999999,45.512681,-73.5693615
LSh_24-67,8238.0,11.702680695071619,16.11913240218433,0.5382991,1.1569892,3.3278351,16.989473699999998,74.4923077,3.3278351,45.508362,-73.571278,45.506133,-73.572633,45.5072475,-73.5719555
LSh_24-72,9730.0,4.460452445714286,9.795224257571403,0.228,0.4384615,0.8806867,2.8699301,68.4,0.8806867,45.508362,-73.571278,45.509333000000005,-73.570817,45.5088475,-73.5710475
LSh_30-24,16677.0,9.039667060202673,7.208936120095738,2.012,3.9885462999999994,8.5819905,11.6450161,73.9102041,8.5819905,45.516999999999996,-73.56744499999999,45.508362,-73.571278,45.512681,-73.5693615
LSh_30-95,77494.0,14.189653701804014,12.778007439497134,0.272,5.5011236,9.6,20.4,69.9428571,9.6,45.516999999999996,-73.56744499999999,45.515833,-73.56796700000001,45.5164165,-73.567706
LSh_30-96,81150.0,17.04028583576463,13.222382448188874,0.458,7.563302799999999,13.085714300000001,25.7625,74.94545450000001,13.085714300000001,45.516999999999996,-73.56744499999999,45.51896,-73.56655,45.517979999999994,-73.5669975
LSh_40-01,104467.0,20.84849208065992,7.343267967641284,5.502,16.0512156,21.6708972,25.5906977,69.2559441,21.6708972,45.53075,-73.563055,45.553847,-73.55452,45.5422985,-73.5587875
LSh_67-24,31901.0,7.900599165233065,9.182560756403515,0.538,3.1960396,5.2918033,9.222857099999999,74.4923077,5.2918033,45.506133,-73.572633,45.508362,-73.571278,45.5072475,-73.5719555
LSh_72-24,24967.0,5.349902806408458,8.801998077069698,0.22812670000000002,1.1274725,2.8109589,5.004878,68.4,2.8109589,45.509333000000005,-73.570817,45.508362,-73.571278,45.5088475,-73.5710475
LSh_72-79,127746.0,20.154771229337904,15.950890572995556,0.408,8.5395349,16.32,30.6,73.44,16.32,45.509333000000005,-73.570817,45.511083,-73.57005,45.510208000000006,-73.57043350000001
LSh_78-79,163341.0,15.654903287274477,15.452100342885712,0.334,2.0947735,9.855737699999999,26.1391304,66.8,9.855737699999999,45.512516999999995,-73.56943299999999,45.511083,-73.57005,45.511799999999994,-73.56974149999999
LSh_78-95,73489.0,16.18477646626434,10.351757106076771,0.77,10.1167883,15.4,19.8,72.9473684,15.4,45.512516999999995,-73.56943299999999,45.515833,-73.56796700000001,45.514174999999994,-73.5687
LSh_79-72,116659.0,19.515200961036008,15.4211490549702,0.408,8.16,15.9652174,28.2461538,73.44,15.9652174,45.511083,-73.57005,45.509333000000005,-73.570817,45.510208000000006,-73.57043350000001
LSh_79-78,188557.0,19.778240836479682,17.349157102171727,0.334,7.422222200000001,13.36,31.6421053,66.8,13.36,45.511083,-73.57005,45.512516999999995,-73.56943299999999,45.511799999999994,-73.56974149999999
LSh_95-30,89562.0,24.21309445098256,19.318756360043807,0.272,8.7428571,19.584,37.6615385,69.9428571,19.584,45.515833,-73.56796700000001,45.516999999999996,-73.56744499999999,45.5164165,-73.567706
LSh_95-78,67770.0,21.931447391584776,15.735435295199057,0.77,12.375,18.2368421,32.2325581,72.9473684,18.2368421,45.515833,-73.56796700000001,45.512516999999995,-73.56943299999999,45.514174999999994,-73.5687
LSh_96-30,89245.0,17.68913880903356,14.089859173902818,0.458,8.498969099999998,13.74,25.7625,74.94545450000001,13.74,45.51896,-73.56655,45.516999999999996,-73.56744499999999,45.517979999999994,-73.5669975
LVH_28-32,238907.0,30.1163218200982,13.82304099489236,2.306,23.5840909,31.2090226,39.531428600000005,74.1214286,31.2090226,45.52575,-73.610167,45.531055,-73.598472,45.5284025,-73.6043195
LVH_32-28,210852.0,32.794466892158475,17.02724362642177,2.31,22.3548387,35.5384615,44.7096774,74.25,35.5384615,45.531055,-73.598472,45.52575,-73.610167,45.5284025,-73.6043195
